{
"f2dmap":
        [
          		{
 	                "table" : "filebeat-*",
 	                "field": "Date",
                    "dimension": "datetime"
  				},
  				{
 	                "table" : "filebeat-*",
 	                "field": "HostName",
                    "dimension": "name"
  				},
  				{
 	                "table" : "filebeat-*",
 	                "field": "DaemonName",
                    "dimension": "protocol"
  				},
  				{
 	                "table" : "filebeat-*",
 	                "field": "DaemonPort",
                    "dimension": "portnumber"
  				},
  				{
 	                "table" : "filebeat-*",
 	                "field": "Status",
                    "dimension": "status"
  				},
  				{
 	                "table" : "filebeat-*",
 	                "field": "ClientIp",
                    "dimension": "ip_address"
  				},
  				{
 	                "table" : "filebeat-*",
 	                "field": "UserName",
                    "dimension": "id"
  				},
  				{
 	                "table" : "filebeat-*",
 	                "field": "ClientPort",
                    "dimension": "portnumber"
  				},
  				{
 	                "table" : "filebeat-*",
 	                "field": "ClientDaemon",
                    "dimension": "protocol"
  				}
  		]		
}