{
"tag2fieldItems":
        [
          	{ "table" : "filebeat-*", "field": "HostName", "tagScheme": "_","tag": "servername"},
          	{ "table" : "filebeat-*", "field": "ClientPort", "tagScheme": "_","tag": "client"},
          	{ "table" : "filebeat-*", "field": "ClientIp", "tagScheme": "_","tag": "client"},
          	{ "table" : "filebeat-*", "field": "DaemonName", "tagScheme": "_","tag": "host"},
          	{ "table" : "filebeat-*", "field": "DaemonPort", "tagScheme": "_","tag": "host"},
          	{ "table" : "filebeat-*", "field": "UserName", "tagScheme": "_","tag": "user"}
 		]		
}